ensemble,n,param_label,param_value,distance_label,d_mean,d_n,d_stdv
gnk,31,n,31,CommunicabilityJSD,0.004240349931623334,352,0.004225429373964236
gnp,31,n,31,DeltaCon,4.566426601760912,364,0.23071734434482502
gnp,31,n,31,DistributionalNBD,6.793247623913273,364,2.190545101996248
gnp,31,n,31,Frobenius,12.885424711209488,364,0.5801039092199589
gnp,31,n,31,GraphDiffusion,2.3298633638094493,364,0.21232150236248687
gnp,31,n,31,Hamming,0.17889220204210723,364,0.016001589992188477
gnp,31,n,31,HammingIpsenMikhailov,0.13676973008685522,364,0.015018723632070442
gnp,31,n,31,IpsenMikhailov,0.20066999694326335,364,0.04515379868790358
gnp,31,n,31,Jaccard,0.9461125731249965,364,0.02214023918820009
gnp,31,n,31,LaplacianSpectralEUL,0.7093019063307109,364,0.0740716372264822
gnp,31,n,31,LaplacianSpectralGJS,0.5391855614162769,364,0.03320661071304137
gnp,31,n,31,NetLSD,16.308972292343526,364,12.179053815932107
gnp,31,n,31,NetSimile,11.447259907756594,364,2.6099966253067532
gnp,31,n,31,NonBacktrackingSpectral,0.2516420579072845,364,0.06891589623995596
gnp,31,n,31,PolynomialDissimilarity,0.01355464075403504,364,0.0006188341288662071
gnp,31,n,31,PortraitDivergence,0.25484732856239933,364,0.09406314747662702
gnp,31,n,31,QuantumJSD,0.13027025111896498,364,0.008978182126877518
gnp,31,n,31,ResistancePerturbation,28.35557468560445,17,5.9745830685596335
gnp,31,n,31,DegreeDivergence,0.1065511057327293,364,0.05169925562010659
gnp,31,n,31,DMeasure,0.13499704579010235,364,0.06156520007519699
gnp,31,n,31,CommunicabilityJSD,0.019987085755583788,364,0.022177845073401578
gnk,31,n,31,IpsenMikhailov,0.17868963228069215,352,0.0348292728985018
gnk,31,n,31,DegreeDivergence,0.13785011285851964,352,0.05029701809353465
gnk,31,n,31,DeltaCon,3.882836088665441,352,0.18764264647177725
gnk,31,n,31,DistributionalNBD,4.4841027388552925,352,1.3179139132376285
gnk,31,n,31,Frobenius,17.26615041580396,352,0.5733059407390566
gnk,31,n,31,GraphDiffusion,1.486393982562282,352,0.1459229604976047
gnk,31,n,31,Hamming,0.3209114778694675,352,0.021299926027544647
gnk,31,n,31,HammingIpsenMikhailov,0.23168311940240546,352,0.01569586738235587
gnk,31,n,31,Jaccard,0.8878429184604294,352,0.022505447303757937
gnk,31,n,31,LaplacianSpectralEUL,0.593040552460462,352,0.045817043258304886
gnk,31,n,31,LaplacianSpectralGJS,0.439439202139258,352,0.03142026594385007
gnk,31,n,31,NetLSD,1.8326484450981337,352,2.7890921660244388
gnk,31,n,31,NetSimile,11.107949304580393,352,1.6748906787316649
gnk,31,n,31,NonBacktrackingSpectral,0.2811870245776641,352,0.06584547185532488
gnk,31,n,31,PolynomialDissimilarity,0.018329195379383767,352,0.0006327687419887906
gnk,31,n,31,PortraitDivergence,0.21717587381131173,352,0.07694415119592125
gnk,31,n,31,DMeasure,0.061196390710712985,352,0.036229618227674995
gnk,31,n,31,QuantumJSD,0.17289104038007228,352,0.010569631214325574
gnk,31,n,31,ResistancePerturbation,8.526686596946902,321,2.6553016109622716
gnp,38,n,38,DeltaCon,5.01984119431667,364,0.23327630688630507
gnp,38,n,38,ResistancePerturbation,26.738618165471937,67,5.9330311883283615
gnp,38,n,38,QuantumJSD,0.14469968980234654,364,0.008957965481800544
gnp,38,n,38,PortraitDivergence,0.22917029872078618,364,0.0764811992070816
gnp,38,n,38,PolynomialDissimilarity,0.011075795325614847,364,0.00042054828849970164
gnp,38,n,38,NonBacktrackingSpectral,0.22714767520370327,364,0.05654722555365876
gnp,38,n,38,NetSimile,10.97349103962929,364,2.1450827852392558
gnp,38,n,38,NetLSD,11.89424630659684,364,9.643398332492763
gnp,38,n,38,LaplacianSpectralGJS,0.4600169555301392,364,0.031403809691360626
gnp,38,n,38,DegreeDivergence,0.0964929552657579,364,0.04012950717051509
gnk,38,n,38,CommunicabilityJSD,0.003989928774601034,352,0.003679872365950978
gnp,38,n,38,Jaccard,0.9460599737309854,364,0.018158211950194347
gnp,38,n,38,IpsenMikhailov,0.16717507307887372,364,0.03520866347731322
gnp,38,n,38,HammingIpsenMikhailov,0.13403338073212595,364,0.011370418888130186
gnp,38,n,38,Hamming,0.17940367925583783,364,0.013412552123135316
gnp,38,n,38,GraphDiffusion,2.2751148011770597,364,0.16531073531297633
gnp,38,n,38,Frobenius,15.87106025452973,364,0.5933028045813132
gnp,38,n,38,DistributionalNBD,5.176880597058323,364,1.5863682008011337
gnp,38,n,38,CommunicabilityJSD,0.01029238823243973,364,0.010264996470799235
gnp,38,n,38,LaplacianSpectralEUL,0.5660164051644222,364,0.04568201587453524
gnp,38,n,38,DMeasure,0.1161191656489216,364,0.054950333248570925
gnk,38,n,38,DMeasure,0.0623770139161328,352,0.03642833769439554
gnk,38,n,38,Jaccard,0.9127580451036994,352,0.017811759212066212
gnk,38,n,38,QuantumJSD,0.1778201012127705,352,0.00977809537089054
gnk,38,n,38,PortraitDivergence,0.23421051628278863,352,0.07554605675555547
gnk,38,n,38,PolynomialDissimilarity,0.0137495110959087,352,0.00040242709300232764
gnk,38,n,38,NonBacktrackingSpectral,0.26523370167047117,352,0.06572140521143786
gnk,38,n,38,NetSimile,10.733236404958175,352,1.7760745821799897
gnk,38,n,38,NetLSD,2.5080169706236988,352,3.442149936620542
gnk,38,n,38,LaplacianSpectralGJS,0.38444043757755897,352,0.027031967179832084
gnk,38,n,38,ResistancePerturbation,10.783568353399144,307,3.039486215055218
gnk,38,n,38,LaplacianSpectralEUL,0.5038369938579498,352,0.03687510880679684
gnk,38,n,38,HammingIpsenMikhailov,0.19844428729259764,352,0.012054515862220738
gnk,38,n,38,Hamming,0.2733660036671902,352,0.015866694627349322
gnk,38,n,38,GraphDiffusion,1.6963813713100169,352,0.15778671349042048
gnk,38,n,38,Frobenius,19.59662912644568,352,0.5706744056780952
gnk,38,n,38,DistributionalNBD,4.033608196561309,352,1.1044671502058507
gnk,38,n,38,DeltaCon,4.54430500527742,352,0.19139085171846698
gnk,38,n,38,DegreeDivergence,0.1238373131105088,352,0.04833801151821233
gnk,38,n,38,IpsenMikhailov,0.15988151410809565,352,0.03510461700520062
gnp,47,n,47,CommunicabilityJSD,0.005648710889061942,364,0.005867102724843759
gnk,47,n,47,CommunicabilityJSD,0.0033900005197040205,352,0.003066622920908184
gnk,47,n,47,DegreeDivergence,0.10184446013953839,352,0.03932795042860547
gnk,47,n,47,QuantumJSD,0.17985958929556392,352,0.008483302574562831
gnk,47,n,47,PortraitDivergence,0.22673548877574617,352,0.06356333211858697
gnk,47,n,47,PolynomialDissimilarity,0.01008381873900898,352,0.00025566727626392217
gnk,47,n,47,NonBacktrackingSpectral,0.2388787324568528,352,0.0633028308379657
gnk,47,n,47,NetSimile,10.58423772276937,352,1.702755973381231
gnk,47,n,47,NetLSD,2.7165883067257757,352,3.329008280630409
gnk,47,n,47,LaplacianSpectralGJS,0.3280881403998626,352,0.026517544032605613
gnk,47,n,47,DMeasure,0.058007190120679515,352,0.03487488675203029
gnk,47,n,47,LaplacianSpectralEUL,0.42284396748961633,352,0.035061715346584296
gnk,47,n,47,IpsenMikhailov,0.14003841656784488,352,0.03355843742794779
gnk,47,n,47,HammingIpsenMikhailov,0.16472756882118017,352,0.009563502611023603
gnk,47,n,47,Hamming,0.22598315513198378,352,0.011262210679853918
gnk,47,n,47,GraphDiffusion,1.8547866533334167,352,0.33957040885373424
gnk,47,n,47,Frobenius,22.09688847827757,352,0.5513480300340736
gnk,47,n,47,DistributionalNBD,3.6943158076272335,352,1.2112276326309688
gnk,47,n,47,DeltaCon,5.302708802827567,352,0.2058279324190999
gnk,47,n,47,Jaccard,0.9307937810802002,352,0.014959393041271177
gnk,47,n,47,ResistancePerturbation,14.238390199224932,305,3.894212643384288
gnp,47,n,47,DMeasure,0.0873182487565992,364,0.04472954573493672
gnp,47,n,47,DeltaCon,5.591676144413088,364,0.2322780128507539
gnp,47,n,47,DegreeDivergence,0.08871174471238315,364,0.0342720383447038
gnp,47,n,47,ResistancePerturbation,23.53908132957943,168,4.946351014803318
gnp,47,n,47,QuantumJSD,0.16177499012902985,364,0.008513032157002984
gnp,47,n,47,PortraitDivergence,0.2088182236015113,364,0.05461398755164369
gnp,47,n,47,PolynomialDissimilarity,0.008975609209051692,364,0.00027439695734547676
gnp,47,n,47,NetSimile,10.790821813816258,364,1.9887997078340143
gnp,47,n,47,NetLSD,7.797915815371327,364,6.841806210128968
gnp,47,n,47,LaplacianSpectralGJS,0.36573103322373507,364,0.028416240083322684
gnp,47,n,47,NonBacktrackingSpectral,0.219748104338481,364,0.05167934142349881
gnp,47,n,47,LaplacianSpectralEUL,0.448180999966814,364,0.03585485917714293
gnp,47,n,47,Jaccard,0.94671595403626,364,0.014676958303040902
gnp,47,n,47,IpsenMikhailov,0.1376244053876879,364,0.029410456791326593
gnp,47,n,47,HammingIpsenMikhailov,0.13244271996512796,364,0.00927156664518473
gnp,47,n,47,Hamming,0.17962196883867423,364,0.010844515985922383
gnp,47,n,47,GraphDiffusion,2.2586567279031144,364,0.1610215492489378
gnp,47,n,47,Frobenius,19.697473437886973,364,0.5943307238137747
gnp,47,n,47,DistributionalNBD,4.044600130015954,364,1.265663797428526
gnp,58,n,58,LaplacianSpectralGJS,0.28209782041695386,364,0.02301663438158753
gnp,58,n,58,NetLSD,4.438178968871669,364,4.6673644342225655
gnp,58,n,58,NetSimile,10.462501146975312,364,1.6662014756241723
gnp,58,n,58,NonBacktrackingSpectral,0.20904836495012527,364,0.0505052142987722
gnp,58,n,58,QuantumJSD,0.1791761176326019,364,0.0075028265618162894
gnp,58,n,58,PortraitDivergence,0.20408721028473406,364,0.04728585180643021
gnp,58,n,58,ResistancePerturbation,19.534208922733793,267,4.2696821585005935
gnp,58,n,58,LaplacianSpectralEUL,0.3607605578521296,364,0.030035086852937754
gnp,58,n,58,PolynomialDissimilarity,0.007277257313590891,364,0.0001840176583113245
gnp,58,n,58,Jaccard,0.9473232044041195,364,0.011150201623989105
gnp,58,n,58,DMeasure,0.061991286656242234,364,0.034219569202882424
gnp,58,n,58,HammingIpsenMikhailov,0.13164794702380536,364,0.007632385514856634
gnp,58,n,58,Hamming,0.179544534087077,364,0.009119490152151473
gnp,58,n,58,GraphDiffusion,2.1528866775409212,364,0.3676570776579217
gnp,58,n,58,Frobenius,24.355526718166598,364,0.6193727032301023
gnp,58,n,58,DistributionalNBD,3.318262376757078,364,1.0253528584338694
gnp,58,n,58,DeltaCon,6.156179203396111,364,0.2191351528569299
gnp,58,n,58,DegreeDivergence,0.08357101999814995,364,0.030255599643614666
gnp,58,n,58,CommunicabilityJSD,0.0035182638372786485,364,0.00317044471117058
gnk,58,n,58,DMeasure,0.053388455718613434,352,0.03010578619687011
gnp,58,n,58,IpsenMikhailov,0.12136874498138248,364,0.028582572132534644
gnk,58,n,58,CommunicabilityJSD,0.0031772088554860496,352,0.0028008467976904337
gnk,58,n,58,DegreeDivergence,0.08453787816527282,352,0.03298754840582165
gnk,58,n,58,Jaccard,0.9455912175702818,352,0.011809027250914287
gnk,58,n,58,DeltaCon,6.112307200733608,352,0.20302042804880716
gnk,58,n,58,DistributionalNBD,3.261887763171256,352,1.0754815281077612
gnk,58,n,58,Frobenius,24.94840483161759,352,0.5501010568202384
gnk,58,n,58,GraphDiffusion,2.0766872083290466,352,0.4151753150024137
gnk,58,n,58,Hamming,0.18836195937119152,352,0.00830478255903688
gnk,58,n,58,HammingIpsenMikhailov,0.13738063197772543,352,0.007093470944260864
gnk,58,n,58,IpsenMikhailov,0.12055778217553749,352,0.02596097081794264
gnk,58,n,58,LaplacianSpectralEUL,0.3558353517075501,352,0.028757759042255037
gnk,58,n,58,LaplacianSpectralGJS,0.2756607800157917,352,0.02273305868073286
gnk,58,n,58,NetSimile,10.301678447583425,352,1.624754697043228
gnk,58,n,58,NonBacktrackingSpectral,0.2061188994636633,352,0.04615145849060472
gnk,58,n,58,PolynomialDissimilarity,0.0074546360619276095,352,0.00016531418684233784
gnk,58,n,58,PortraitDivergence,0.20647344169998877,352,0.04529074810371971
gnk,58,n,58,QuantumJSD,0.18362074333938497,352,0.00838257725711743
gnk,58,n,58,ResistancePerturbation,18.238156494719668,293,4.788833097592664
gnk,58,n,58,NetLSD,3.145233226439588,352,3.626503866481282
gnk,72,n,72,DeltaCon,7.034275389040812,352,0.22744474078663887
gnp,72,n,72,DegreeDivergence,0.07723125331344467,364,0.029029984082615475
gnp,72,n,72,DeltaCon,6.8102716731365005,364,0.1976876100495337
gnp,72,n,72,DistributionalNBD,2.6214749328822626,364,0.8238155206507514
gnp,72,n,72,Frobenius,30.327701252150767,364,0.5767101614524025
gnp,72,n,72,GraphDiffusion,1.919696003750934,364,0.6633005824986573
gnp,72,n,72,Hamming,0.17998848270647608,364,0.006833282208022872
gnp,72,n,72,HammingIpsenMikhailov,0.1311656944953894,364,0.006197770551441831
gnp,72,n,72,CommunicabilityJSD,0.0019570460183200287,364,0.001759348081906439
gnp,72,n,72,IpsenMikhailov,0.10397518842693629,364,0.027397200465923987
gnp,72,n,72,LaplacianSpectralEUL,0.2878977882547557,364,0.0244780380793783
gnp,72,n,72,LaplacianSpectralGJS,0.2148827610795665,364,0.01964514739254313
gnp,72,n,72,NetLSD,2.0451238207970737,364,2.555528470566011
gnp,72,n,72,NetSimile,9.943350999710585,364,1.5418438407195931
gnp,72,n,72,NonBacktrackingSpectral,0.20853537257994248,364,0.049947673607423124
gnp,72,n,72,PolynomialDissimilarity,0.0058732135882336315,364,0.00011313493829772163
gnp,72,n,72,PortraitDivergence,0.2104330113147202,364,0.04947570998287307
gnp,72,n,72,Jaccard,0.9475483040021875,364,0.010319630933325285
gnk,72,n,72,DistributionalNBD,2.812960790800875,352,0.8890686829715677
gnk,72,n,72,ResistancePerturbation,22.07432739847947,267,4.893923476104167
gnk,72,n,72,PortraitDivergence,0.18934532463734532,352,0.04095572709685021
gnk,72,n,72,DegreeDivergence,0.0699504309646342,352,0.02532296793414658
gnk,72,n,72,DMeasure,0.05274828963863642,352,0.031029324220349593
gnk,72,n,72,CommunicabilityJSD,0.002660157859175176,352,0.0023924546162763225
gnk,72,n,72,Frobenius,28.131592029566914,352,0.6233532008902023
gnk,72,n,72,GraphDiffusion,2.2416288096933235,352,0.5749597943061374
gnk,72,n,72,Hamming,0.15488535075185408,352,0.006861196727561553
gnk,72,n,72,HammingIpsenMikhailov,0.11362426437463087,352,0.006233863767240489
gnk,72,n,72,QuantumJSD,0.18506885328630196,352,0.007546108235062529
gnk,72,n,72,IpsenMikhailov,0.10351100778971978,352,0.025114926198855393
gnp,72,n,72,QuantumJSD,0.20026675799044863,364,0.008143644053177614
gnk,72,n,72,LaplacianSpectralEUL,0.29728116769030993,352,0.024194610087432677
gnk,72,n,72,LaplacianSpectralGJS,0.22982667828399106,352,0.020128637107702334
gnk,72,n,72,NetLSD,4.2630291348638405,352,4.799822481746306
gnk,72,n,72,NetSimile,9.903103701881939,352,1.6814694867190636
gnk,72,n,72,NonBacktrackingSpectral,0.1973322085021766,352,0.045989659790861975
gnk,72,n,72,PolynomialDissimilarity,0.005443308326981877,352,0.00012053506366703399
gnk,72,n,72,Jaccard,0.9561644910482279,352,0.009735706244577421
gnp,72,n,72,ResistancePerturbation,15.702280749113775,337,4.061648954265706
gnp,72,n,72,DMeasure,0.03947469754993754,364,0.023423635505245993
gnp,89,n,89,DeltaCon,7.51547594552013,364,0.17516004976788527
gnk,89,n,89,ResistancePerturbation,28.281139450367192,230,4.65403586935133
gnk,89,n,89,CommunicabilityJSD,0.0022958257446774174,352,0.002100984128445544
gnk,89,n,89,DMeasure,0.05299501076500333,352,0.02975581022695795
gnk,89,n,89,DegreeDivergence,0.05876711585406364,352,0.02124027306779278
gnk,89,n,89,DeltaCon,8.048485000064801,352,0.2448500645022376
gnk,89,n,89,DistributionalNBD,2.5715960747524886,352,0.9138516550407131
gnk,89,n,89,Frobenius,31.504593775193015,352,0.6238874183892856
gnk,89,n,89,GraphDiffusion,2.51533736525195,352,0.6709781008191481
gnp,89,n,89,DistributionalNBD,2.0075655065751086,364,0.5777944093085439
gnk,89,n,89,Hamming,0.12677828603573588,352,0.005015450542894465
gnk,89,n,89,IpsenMikhailov,0.09328418547141198,352,0.024284007512748406
gnk,89,n,89,Jaccard,0.9645647453849698,352,0.007254281414421347
gnk,89,n,89,LaplacianSpectralEUL,0.24730456063599485,352,0.021588492272836855
gnk,89,n,89,LaplacianSpectralGJS,0.1906542373705997,352,0.018278599889764255
gnk,89,n,89,NetLSD,5.218075117629128,352,4.888820110516731
gnk,89,n,89,NetSimile,9.896621671014861,352,1.7275086749395852
gnk,89,n,89,NonBacktrackingSpectral,0.1992881345596378,352,0.0455759322280716
gnk,89,n,89,PolynomialDissimilarity,0.00398677290561934,352,7.864377934840023e-05
gnk,89,n,89,HammingIpsenMikhailov,0.09410974195405818,352,0.005845711357233373
gnk,89,n,89,PortraitDivergence,0.1770369939843661,352,0.03824986329100658
gnk,89,n,89,QuantumJSD,0.18791731013499546,352,0.006927750170820875
gnp,89,n,89,NetSimile,9.584784384283001,364,1.6300284706890633
gnp,89,n,89,ResistancePerturbation,12.034789000594683,359,2.779335747798259
gnp,89,n,89,QuantumJSD,0.22192069136961853,364,0.007604893161623444
gnp,89,n,89,PortraitDivergence,0.20753508252797612,364,0.04132248268603283
gnp,89,n,89,PolynomialDissimilarity,0.004753517579568839,364,7.653255400741758e-05
gnp,89,n,89,NonBacktrackingSpectral,0.2180350847855108,364,0.04584933384185227
gnp,89,n,89,NetLSD,1.0932762205998652,364,0.9368794346926139
gnp,89,n,89,LaplacianSpectralGJS,0.16168722913210443,364,0.015703959142115437
gnp,89,n,89,Jaccard,0.9469104241524414,364,0.006904493047811668
gnp,89,n,89,LaplacianSpectralEUL,0.22603997696650585,364,0.019296719527588407
gnp,89,n,89,HammingIpsenMikhailov,0.13005007650693517,364,0.005241445202913865
gnp,89,n,89,Hamming,0.1799187430420861,364,0.005778953574687558
gnp,89,n,89,GraphDiffusion,1.9068234445363306,364,0.7236482330845943
gnp,89,n,89,Frobenius,37.533467537817394,364,0.6028523589813002
gnp,89,n,89,CommunicabilityJSD,0.0011423549437067923,364,0.0011181589888496902
gnp,89,n,89,DMeasure,0.029818905700238325,364,0.016032522170936137
gnp,89,n,89,DegreeDivergence,0.06999354858983921,364,0.02163966828685716
gnp,89,n,89,IpsenMikhailov,0.0879186942196487,364,0.022760608898195405
gnk,109,n,109,DistributionalNBD,2.2680040437508358,352,0.6874778687677564
gnk,109,n,109,GraphDiffusion,2.6103222143728355,352,0.9094855808915842
gnk,109,n,109,Frobenius,35.171094469026315,352,0.6122995128328204
gnk,109,n,109,DeltaCon,9.13102411221475,352,0.26110562373081275
gnk,109,n,109,ResistancePerturbation,34.434270586141416,237,5.34297759949716
gnk,109,n,109,DMeasure,0.0463500623398558,352,0.025360101693375877
gnk,109,n,109,CommunicabilityJSD,0.0016996811797851113,352,0.00149693723150978
gnk,109,n,109,Hamming,0.10511210585668776,352,0.00366140597919204
gnk,109,n,109,DegreeDivergence,0.047593211361930184,352,0.01789678085603369
gnp,109,n,109,CommunicabilityJSD,0.0007187400801192806,364,0.000708766214274144
gnk,109,n,109,HammingIpsenMikhailov,0.07798149614792844,352,0.004785529839771815
gnk,109,n,109,IpsenMikhailov,0.07936289500509801,352,0.020570495380868647
gnp,109,n,109,DeltaCon,8.29662096780117,364,0.18638026010438405
gnp,109,n,109,DistributionalNBD,1.594779850495033,364,0.508756731953648
gnp,109,n,109,Frobenius,46.03165752368556,364,0.59763854891047
gnp,109,n,109,GraphDiffusion,1.719628335270668,364,0.8321397619694465
gnp,109,n,109,Hamming,0.18002630503919037,364,0.0046818367843081375
gnp,109,n,109,HammingIpsenMikhailov,0.12984907233600596,364,0.00410949440922249
gnp,109,n,109,IpsenMikhailov,0.07792359046571204,364,0.023294034254707868
gnp,109,n,109,Jaccard,0.9473752598586695,364,0.006223816911268345
gnk,109,n,109,QuantumJSD,0.18798958022892753,352,0.005846416877269272
gnp,109,n,109,LaplacianSpectralEUL,0.18025103615421056,364,0.016154320578602183
gnp,109,n,109,LaplacianSpectralGJS,0.12340750677789061,364,0.013301425043116872
gnp,109,n,109,NetLSD,0.8276593747890799,364,0.6212553548138053
gnp,109,n,109,DegreeDivergence,0.06629519365495037,364,0.020238769212285655
gnp,109,n,109,NetSimile,9.474253522171159,364,1.3787750974297632
gnp,109,n,109,PolynomialDissimilarity,0.00388431350341017,364,5.0707866035058555e-05
gnp,109,n,109,PortraitDivergence,0.18888977983406088,364,0.03664311827965909
gnp,109,n,109,DMeasure,0.021739791357115623,364,0.011314494064179517
gnp,109,n,109,ResistancePerturbation,9.407839375976492,364,1.6022906098834173
gnk,109,n,109,PortraitDivergence,0.1668170136840296,352,0.035357644682980666
gnk,109,n,109,PolynomialDissimilarity,0.0029640561709606814,352,5.134244135403259e-05
gnk,109,n,109,NonBacktrackingSpectral,0.19538364389447868,352,0.0404264756961997
gnk,109,n,109,NetSimile,9.590223229832826,352,1.7671899905776942
gnk,109,n,109,NetLSD,5.203069410642238,352,4.880654560399352
gnk,109,n,109,LaplacianSpectralGJS,0.15994340070096238,352,0.014567715349844825
gnk,109,n,109,LaplacianSpectralEUL,0.20678502808656832,352,0.017076942034422813
gnk,109,n,109,Jaccard,0.9715217111974261,352,0.0061101091753653644
gnp,109,n,109,NonBacktrackingSpectral,0.240739658347495,364,0.05010184332103471
gnp,109,n,109,QuantumJSD,0.24470337146488763,364,0.007417132513370227
gnp,135,n,135,Jaccard,0.9473352183960354,364,0.005054258647920727
gnp,135,n,135,QuantumJSD,0.27035830164205044,364,0.007743330764052795
gnk,135,n,135,CommunicabilityJSD,0.0016703353213677933,352,0.001555333758169431
gnk,135,n,135,DegreeDivergence,0.04038719947327008,352,0.01343921725256127
gnp,135,n,135,CommunicabilityJSD,0.0003926152843745432,364,0.00035408357158563553
gnp,135,n,135,DMeasure,0.01534104654208197,364,0.00826722784630648
gnp,135,n,135,DegreeDivergence,0.05752828103491912,364,0.0163187442487336
gnp,135,n,135,DeltaCon,9.1325830465509,364,0.17348089090005453
gnp,135,n,135,DistributionalNBD,1.2175843805847515,364,0.3458825767859818
gnp,135,n,135,Frobenius,57.093501423675356,364,0.5721975698130165
gnp,135,n,135,GraphDiffusion,1.6188175192541754,364,0.8802756525692812
gnp,135,n,135,Hamming,0.18020975111990623,364,0.003610732416394665
gnp,135,n,135,HammingIpsenMikhailov,0.12922429122079496,364,0.003180256867932219
gnp,135,n,135,IpsenMikhailov,0.06611786697717845,364,0.020178976797822816
gnp,135,n,135,LaplacianSpectralEUL,0.13992783940949757,364,0.013162419069596951
gnp,135,n,135,LaplacianSpectralGJS,0.09365023076478685,364,0.010962337316718855
gnp,135,n,135,NetLSD,0.6213898242335687,364,0.467421710772491
gnp,135,n,135,NetSimile,8.84640864303319,364,1.360875119244169
gnp,135,n,135,NonBacktrackingSpectral,0.27294356950277837,364,0.06561507849431814
gnp,135,n,135,PolynomialDissimilarity,0.0031388131488973786,364,3.1385129702226226e-05
gnp,135,n,135,PortraitDivergence,0.15783518919587802,364,0.03305147614792021
gnp,135,n,135,ResistancePerturbation,7.364415347996789,364,0.9031843599482513
gnk,135,n,135,DMeasure,0.047352493561140956,352,0.024421854338315934
gnk,135,n,135,DeltaCon,10.339992559965062,352,0.2710003584765628
gnk,135,n,135,LaplacianSpectralEUL,0.17130580629200468,352,0.015970478130889365
gnk,135,n,135,QuantumJSD,0.19030938574258177,352,0.005466191023196976
gnk,135,n,135,PortraitDivergence,0.1815749561090132,352,0.04256559025908892
gnk,135,n,135,PolynomialDissimilarity,0.002161254898256886,352,3.389370767825333e-05
gnk,135,n,135,NonBacktrackingSpectral,0.2007605707716148,352,0.04058080733366589
gnk,135,n,135,NetSimile,9.325811044910505,352,1.6743248273295728
gnk,135,n,135,NetLSD,6.8146573350406925,352,5.824724683629969
gnk,135,n,135,LaplacianSpectralGJS,0.13427768244895352,352,0.014218382977771324
gnk,135,n,135,Jaccard,0.9768645048123316,352,0.005231156494340148
gnk,135,n,135,IpsenMikhailov,0.07224486266697108,352,0.018487172300856863
gnk,135,n,135,HammingIpsenMikhailov,0.06444213891921934,352,0.004237009868443128
gnk,135,n,135,Hamming,0.08562066926350166,352,0.002684103134211364
gnk,135,n,135,GraphDiffusion,2.993514547044322,352,0.9583637543735155
gnk,135,n,135,Frobenius,39.35096113916944,352,0.617147944302807
gnk,135,n,135,DistributionalNBD,2.1072419281501213,352,0.694626669794888
gnk,135,n,135,ResistancePerturbation,44.90410679007089,191,6.937676636932683
gnp,166,n,166,CommunicabilityJSD,0.00024917980780481304,364,0.0002405773147599608
gnk,166,n,166,CommunicabilityJSD,0.0014752421789375153,352,0.0013376004873429435
gnk,166,n,166,DegreeDivergence,0.0340929358243059,352,0.011257355978846724
gnk,166,n,166,DeltaCon,11.711269186472427,352,0.33955220794094926
gnk,166,n,166,ResistancePerturbation,55.13830387811857,160,7.517744865186318
gnk,166,n,166,QuantumJSD,0.19070288887912856,352,0.00489406796648731
gnk,166,n,166,PortraitDivergence,0.19368968243478232,352,0.04434031334434676
gnk,166,n,166,PolynomialDissimilarity,0.0015902661986017654,352,2.180884662749638e-05
gnk,166,n,166,NonBacktrackingSpectral,0.20004409928208583,352,0.04367236426566235
gnk,166,n,166,NetSimile,8.810452164504442,352,1.7484837316496902
gnk,166,n,166,NetLSD,8.017916374964585,352,6.33208912118426
gnp,166,n,166,DMeasure,0.013117914508140406,364,0.007840069199376552
gnk,166,n,166,LaplacianSpectralGJS,0.11255797720165416,352,0.014008420332282227
gnk,166,n,166,Jaccard,0.9818587910862587,352,0.004326162563910938
gnk,166,n,166,IpsenMikhailov,0.06505791403851782,352,0.017329346541574128
gnk,166,n,166,HammingIpsenMikhailov,0.05353609544328094,352,0.004007854111178956
gnk,166,n,166,Hamming,0.07003659458128494,352,0.0019181916455444981
gnk,166,n,166,GraphDiffusion,3.1555109911465355,352,1.173304196063757
gnk,166,n,166,Frobenius,43.79432589231295,352,0.6003273048795367
gnk,166,n,166,DistributionalNBD,1.9167750733867273,352,0.7116414556764805
gnk,166,n,166,LaplacianSpectralEUL,0.14220745753569702,352,0.013512352601221491
gnp,166,n,166,DegreeDivergence,0.05489002497941494,364,0.014283392069400148
gnk,166,n,166,DMeasure,0.046327524048443786,352,0.02205785642447642
gnp,166,n,166,DistributionalNBD,0.9578791981299771,364,0.29924843684753405
gnp,166,n,166,DeltaCon,10.073470537226605,364,0.18586734581401873
gnp,166,n,166,ResistancePerturbation,6.21444039958871,364,0.5706450005495617
gnp,166,n,166,QuantumJSD,0.297863959410686,364,0.007742269877277214
gnp,166,n,166,PortraitDivergence,0.1314972155841076,364,0.02987461400870468
gnp,166,n,166,PolynomialDissimilarity,0.0025515888635635267,364,2.0519755839738218e-05
gnp,166,n,166,NetSimile,8.814146524239762,364,1.289736121631151
gnp,166,n,166,NetLSD,0.535803341117205,364,0.3950995884720307
gnp,166,n,166,NonBacktrackingSpectral,0.3119640153389819,364,0.06780419746576148
gnp,166,n,166,LaplacianSpectralEUL,0.11067070543243722,364,0.01058624923602278
gnp,166,n,166,Jaccard,0.947185552687671,364,0.00394169370262417
gnp,166,n,166,IpsenMikhailov,0.05931561638335308,364,0.01856513528967363
gnp,166,n,166,HammingIpsenMikhailov,0.1288282720339892,364,0.002504444662668221
gnp,166,n,166,Hamming,0.17990655164067923,364,0.0028724867444238134
gnp,166,n,166,GraphDiffusion,1.5863713060162963,364,0.8188662224299819
gnp,166,n,166,LaplacianSpectralGJS,0.07135033531118602,364,0.009503211045404067
gnp,166,n,166,Frobenius,70.19492043056316,364,0.5607838726581494
gnk,204,n,204,Hamming,0.05745329406822876,352,0.0015320474893080087
gnk,204,n,204,GraphDiffusion,3.349245182000685,352,1.4107694701340938
gnk,204,n,204,Frobenius,48.77329622354678,352,0.6500907508155318
gnk,204,n,204,DegreeDivergence,0.028403605041523197,352,0.00892646843368896
gnk,204,n,204,DeltaCon,13.174841188702988,352,0.3704269513065139
gnk,204,n,204,HammingIpsenMikhailov,0.04436475406845507,352,0.003513556879832892
gnk,204,n,204,DMeasure,0.04312503450012805,352,0.02001808422428327
gnk,204,n,204,DistributionalNBD,1.7006902437965774,352,0.6112826784829166
gnk,204,n,204,IpsenMikhailov,0.0570405453065869,352,0.014733949716620474
gnk,204,n,204,PortraitDivergence,0.1937569908991531,352,0.03644059019258267
gnk,204,n,204,LaplacianSpectralEUL,0.11758699110763425,352,0.011783507759572888
gnk,204,n,204,LaplacianSpectralGJS,0.09430020217509621,352,0.012792386331346642
gnk,204,n,204,NetLSD,8.678864488869033,352,6.354312451036956
gnk,204,n,204,NetSimile,8.038442714028568,352,1.5961223832213536
gnk,204,n,204,NonBacktrackingSpectral,0.20444787960358518,352,0.046602594923319494
gnk,204,n,204,PolynomialDissimilarity,0.001172454294241057,352,1.563968287807733e-05
gnk,204,n,204,QuantumJSD,0.19150961382246276,352,0.004656573138759696
gnk,204,n,204,ResistancePerturbation,67.46135491482369,134,7.637005105476676
gnk,204,n,204,Jaccard,0.9850358275603308,352,0.0032092685626249856
gnp,204,n,204,ResistancePerturbation,5.272706371389964,364,0.3548713304924038
gnk,204,n,204,CommunicabilityJSD,0.001234223391672969,352,0.0011629674568108847
gnp,204,n,204,DistributionalNBD,0.7634193011509978,364,0.23898939245263676
gnp,204,n,204,QuantumJSD,0.32678227238665686,364,0.007010814303287632
gnp,204,n,204,CommunicabilityJSD,0.00015324904362660184,364,0.0001317760259877749
gnp,204,n,204,DMeasure,0.010609249895587947,364,0.005728413879924832
gnp,204,n,204,DegreeDivergence,0.04958164330326657,364,0.012355940404050672
gnp,204,n,204,DeltaCon,11.100912483754506,364,0.19980914410505904
gnp,204,n,204,Frobenius,86.32637067983582,364,0.5759259247701295
gnp,204,n,204,GraphDiffusion,1.8657232378485675,364,0.6685737593275436
gnp,204,n,204,HammingIpsenMikhailov,0.12857456141548668,364,0.002140034048605505
gnp,204,n,204,Hamming,0.17996167858852177,364,0.0024027147280286792
gnp,204,n,204,Jaccard,0.9474668466674886,364,0.0034377634403909923
gnp,204,n,204,LaplacianSpectralEUL,0.08617141174445064,364,0.008812968673407
gnp,204,n,204,LaplacianSpectralGJS,0.05414967522589485,364,0.007692448877954626
gnp,204,n,204,NetLSD,0.4452862216174263,364,0.3003917671006838
gnp,204,n,204,NetSimile,8.45514577595915,364,1.347469330905662
gnp,204,n,204,NonBacktrackingSpectral,0.366109509021788,364,0.08963640105955997
gnp,204,n,204,PolynomialDissimilarity,0.0020771048043929027,364,1.3899862123758998e-05
gnp,204,n,204,PortraitDivergence,0.10226592775218867,364,0.023743435106151223
gnp,204,n,204,IpsenMikhailov,0.05310850555362326,364,0.017113071447943776
gnk,251,n,251,NetLSD,10.753796831989558,352,7.450774642608714
gnk,251,n,251,LaplacianSpectralEUL,0.09866295562721666,352,0.010986866482895976
gnk,251,n,251,LaplacianSpectralGJS,0.08081140725282762,352,0.012202130430845542
gnk,251,n,251,NetSimile,7.615831882878495,352,1.6823182851273315
gnp,251,n,251,CommunicabilityJSD,8.857421710632175e-05,364,7.878656494369241e-05
gnk,251,n,251,PolynomialDissimilarity,0.0008605805868034994,352,1.0204084519299915e-05
gnk,251,n,251,PortraitDivergence,0.18994363347679258,352,0.030910260707215195
gnk,251,n,251,QuantumJSD,0.19211720989644673,352,0.004448496910672884
gnk,251,n,251,Jaccard,0.9880066504842182,352,0.0028102429898508143
gnk,251,n,251,NonBacktrackingSpectral,0.21210887377217608,352,0.05156518736987144
gnk,251,n,251,IpsenMikhailov,0.05111449638175439,352,0.014085427189773967
gnp,251,n,251,DeltaCon,12.216845477111898,364,0.22071311330106647
gnk,251,n,251,Hamming,0.04682729546928567,352,0.0011095713119291708
gnk,251,n,251,GraphDiffusion,3.6493923619375974,352,1.6039120317277145
gnk,251,n,251,Frobenius,54.203336482370126,352,0.6421085835964376
gnk,251,n,251,DistributionalNBD,1.4947787334164198,352,0.5527057370537146
gnk,251,n,251,DeltaCon,14.765274281474627,352,0.4169468172795314
gnk,251,n,251,DegreeDivergence,0.02274110245205287,352,0.0077919436445179156
gnk,251,n,251,DMeasure,0.04196665859264579,352,0.01820489508707646
gnk,251,n,251,CommunicabilityJSD,0.000995731537104269,352,0.0008456092663281514
gnk,251,n,251,ResistancePerturbation,83.87994355412751,117,9.661376580104411
gnk,251,n,251,HammingIpsenMikhailov,0.03686093420616427,352,0.0036136458584040956
gnp,251,n,251,DMeasure,0.007612760556955255,364,0.004269755954730586
gnp,251,n,251,DegreeDivergence,0.04361407474278873,364,0.010584714343061219
gnp,251,n,251,LaplacianSpectralGJS,0.04038866709980256,364,0.006083950154415796
gnp,251,n,251,ResistancePerturbation,4.537662189997852,364,0.2624460427857059
gnp,251,n,251,QuantumJSD,0.3571579400066397,364,0.006507246224460313
gnp,251,n,251,PortraitDivergence,0.07243013721018765,364,0.015794169191398838
gnp,251,n,251,PolynomialDissimilarity,0.0016881869512851498,364,9.857066429038259e-06
gnp,251,n,251,NonBacktrackingSpectral,0.4092908765495158,364,0.11354085259997744
gnp,251,n,251,NetSimile,8.359934013000366,364,1.3184181948445073
gnp,251,n,251,NetLSD,0.3141643077134452,364,0.21759196033624245
gnp,251,n,251,DistributionalNBD,0.5912485067582312,364,0.1754547270021139
gnp,251,n,251,LaplacianSpectralEUL,0.0662496461947855,364,0.007242581944646734
gnp,251,n,251,Jaccard,0.9475321760898101,364,0.002761954555373746
gnp,251,n,251,IpsenMikhailov,0.044042499727481144,364,0.013610760891115906
gnp,251,n,251,HammingIpsenMikhailov,0.12808642515960267,364,0.001716480648952334
gnp,251,n,251,Hamming,0.179890057746542,364,0.0020896704590916033
gnp,251,n,251,GraphDiffusion,1.9364399293821721,364,0.6080082316953977
gnp,251,n,251,Frobenius,106.24368522690504,364,0.6176930927053049
gnp,309,n,309,DeltaCon,13.449241518345781,364,0.23098022485214184
gnp,309,n,309,CommunicabilityJSD,6.551154437662218e-05,364,5.889694114450403e-05
gnk,309,n,309,CommunicabilityJSD,0.0009323654337017578,352,0.0008555659451073059
gnk,309,n,309,QuantumJSD,0.19251722743792912,352,0.003828398417037533
gnk,309,n,309,DeltaCon,16.659091583612653,352,0.44667668058091836
gnk,309,n,309,DistributionalNBD,1.346834333454799,352,0.5041522122492255
gnk,309,n,309,Frobenius,60.29951540865567,352,0.6369201348793329
gnk,309,n,309,GraphDiffusion,3.9518824208440635,352,1.840677556626499
gnk,309,n,309,Hamming,0.03820909560071901,352,0.000807453340764321
gnk,309,n,309,HammingIpsenMikhailov,0.03083938903052132,352,0.003654299815024832
gnk,309,n,309,IpsenMikhailov,0.04654258517942781,352,0.013263869705069917
gnk,309,n,309,Jaccard,0.9901936514687777,352,0.002075727035679871
gnk,309,n,309,LaplacianSpectralEUL,0.08344540185260996,352,0.01129677543965822
gnk,309,n,309,LaplacianSpectralGJS,0.06994508959499207,352,0.012360219270932343
gnk,309,n,309,NetLSD,11.5137408783051,352,8.75993271306358
gnk,309,n,309,NetSimile,7.350946508379315,352,1.587399380939563
gnk,309,n,309,NonBacktrackingSpectral,0.21766454973117955,352,0.054845669232985644
gnk,309,n,309,PolynomialDissimilarity,0.0006316472739265776,352,6.6712990719116985e-06
gnk,309,n,309,PortraitDivergence,0.17845862709665,352,0.030131953569909598
gnk,309,n,309,ResistancePerturbation,102.49027438703216,78,9.935643888638662
gnp,309,n,309,DMeasure,0.0062760021231441756,364,0.003458729335955549
gnp,309,n,309,DegreeDivergence,0.04002523483418396,364,0.009155108173811495
gnp,309,n,309,DistributionalNBD,0.4934635825842829,364,0.15230625822934793
gnk,309,n,309,DegreeDivergence,0.01950068449664946,352,0.006585040781091957
gnp,309,n,309,ResistancePerturbation,3.932255486586639,364,0.18991632937487177
gnp,309,n,309,QuantumJSD,0.388190281366626,364,0.00725496912814148
gnp,309,n,309,PortraitDivergence,0.04821737453667865,364,0.013618024691677753
gnp,309,n,309,PolynomialDissimilarity,0.0013717638925342882,364,6.17030849942967e-06
gnp,309,n,309,NonBacktrackingSpectral,0.48689900272979053,364,0.1387439258601888
gnp,309,n,309,NetSimile,8.333610084262759,364,1.3123581094237144
gnp,309,n,309,NetLSD,0.2741596420373047,364,0.19014575589598548
gnk,309,n,309,DMeasure,0.03812051801409893,352,0.018118380528866666
gnp,309,n,309,LaplacianSpectralEUL,0.0523261134691961,364,0.006481402658285626
gnp,309,n,309,LaplacianSpectralGJS,0.030599017146701643,364,0.00518570682554907
gnp,309,n,309,GraphDiffusion,1.9131593455264684,364,0.6493711057843935
gnp,309,n,309,Hamming,0.17994546361242122,364,0.0016150723828294287
gnp,309,n,309,Frobenius,130.8641496911316,364,0.5873308439564883
gnp,309,n,309,IpsenMikhailov,0.04086824498898093,364,0.014554082095923446
gnp,309,n,309,Jaccard,0.9472026394279716,364,0.0021488003425691135
gnp,309,n,309,HammingIpsenMikhailov,0.12808836588112676,364,0.001449682865364959
gnp,380,n,380,ResistancePerturbation,3.443651535242878,364,0.13835421293387976
gnp,380,n,380,QuantumJSD,0.4180412746205711,364,0.006503923630389533
gnp,380,n,380,LaplacianSpectralGJS,0.023042290220981722,364,0.004542727055306576
gnp,380,n,380,PortraitDivergence,0.028892700326814166,364,0.006959902643879758
gnp,380,n,380,PolynomialDissimilarity,0.0011161118997921999,364,4.13795671836766e-06
gnp,380,n,380,NonBacktrackingSpectral,0.5462207274247836,364,0.14418842649994548
gnp,380,n,380,NetSimile,8.423954111332407,364,1.3662994453943036
gnp,380,n,380,NetLSD,0.209634063208138,364,0.15363519996349598
gnp,380,n,380,LaplacianSpectralEUL,0.04033312100923065,364,0.005485043358710888
gnp,380,n,380,Hamming,0.18010458909421137,364,0.0013320183379928426
gnp,380,n,380,IpsenMikhailov,0.03552408802761995,364,0.012414434871084287
gnp,380,n,380,HammingIpsenMikhailov,0.1279782863088957,364,0.001143075479459526
gnp,380,n,380,GraphDiffusion,2.0168241078753524,364,0.5207286407208531
gnp,380,n,380,Frobenius,161.0537467968712,364,0.5954494039293475
gnp,380,n,380,DistributionalNBD,0.379545131963996,364,0.11231691342391563
gnp,380,n,380,DeltaCon,14.757172181213928,364,0.2512233272965103
gnp,380,n,380,DMeasure,0.0043136841299844545,364,0.0023850523695517233
gnp,380,n,380,CommunicabilityJSD,3.7381569220627095e-05,364,3.36865167430323e-05
gnp,380,n,380,Jaccard,0.9474137340258276,364,0.0017835388700781479
gnp,380,n,380,DegreeDivergence,0.03656396684999687,364,0.007973387889724064
gnk,380,n,380,ResistancePerturbation,125.05320853278539,59,12.610664881766974
gnk,380,n,380,NetLSD,13.421952733922723,352,9.248346122007499
gnk,380,n,380,QuantumJSD,0.19276600354341097,352,0.003661057866063383
gnk,380,n,380,PortraitDivergence,0.16616697749929285,352,0.0192015324890463
gnk,380,n,380,PolynomialDissimilarity,0.00046358365161621823,352,4.693715074477176e-06
gnk,380,n,380,NonBacktrackingSpectral,0.2292105051090468,352,0.062381656810785106
gnk,380,n,380,NetSimile,7.062598314557059,352,1.5599496303720817
gnk,380,n,380,LaplacianSpectralGJS,0.06076270022185781,352,0.011604120438913889
gnk,380,n,380,LaplacianSpectralEUL,0.06921478101619265,352,0.009175445752905277
gnk,380,n,380,CommunicabilityJSD,0.0008054269334259426,352,0.0006924662150585607
gnk,380,n,380,Jaccard,0.992124092332994,352,0.0017072921757931682
gnk,380,n,380,HammingIpsenMikhailov,0.02569013396112656,352,0.003146548451989674
gnk,380,n,380,Hamming,0.031110867999599535,352,0.000629926209814422
gnk,380,n,380,GraphDiffusion,4.118173834181282,352,2.057967791989907
gnk,380,n,380,Frobenius,66.93376823744504,352,0.6776531281195816
gnk,380,n,380,DistributionalNBD,1.3029543466091176,352,0.5171431373049951
gnk,380,n,380,DeltaCon,18.55890150074616,352,0.5322095709158348
gnk,380,n,380,DegreeDivergence,0.016079777147987064,352,0.005077664150552551
gnk,380,n,380,DMeasure,0.035547492103245926,352,0.015239942613209687
gnk,380,n,380,IpsenMikhailov,0.04209620979934924,352,0.011427106840339672
gnp,468,n,468,Hamming,0.17994770990223677,364,0.001164566667455269
gnp,468,n,468,GraphDiffusion,1.9211815485209474,364,0.6507034860176398
gnp,468,n,468,Frobenius,198.3134924739847,364,0.6415170980489974
gnp,468,n,468,DegreeDivergence,0.03386027547085089,364,0.006995402505039331
gnp,468,n,468,DeltaCon,16.255033746711852,364,0.29549512275797024
gnp,468,n,468,DMeasure,0.002970825950038228,364,0.0016322807318542433
gnp,468,n,468,HammingIpsenMikhailov,0.12772803424810988,364,0.000902019410167653
gnp,468,n,468,DistributionalNBD,0.27955860912211866,364,0.059096234384528115
gnp,468,n,468,IpsenMikhailov,0.031107871209058634,364,0.010623753635760073
gnp,468,n,468,QuantumJSD,0.44086830545535627,364,0.005905302744081056
gnp,468,n,468,LaplacianSpectralEUL,0.031608296666284987,364,0.004298906621889173
gnp,468,n,468,LaplacianSpectralGJS,0.01707697929323156,364,0.003433072162488328
gnp,468,n,468,NetLSD,0.16752428256561175,364,0.1205385078013269
gnp,468,n,468,NetSimile,8.26688118707685,364,1.5293671279660073
gnp,468,n,468,NonBacktrackingSpectral,0.6688293719482568,364,0.20645451403088871
gnp,468,n,468,PolynomialDissimilarity,0.0009059546604842077,364,2.9306393738332394e-06
gnp,468,n,468,PortraitDivergence,0.024611791994994144,364,0.0047594524545003375
gnp,468,n,468,CommunicabilityJSD,2.2834004983871885e-05,364,1.9342933755328835e-05
gnp,468,n,468,Jaccard,0.9473809908847223,364,0.0014624793536857955
gnk,468,n,468,ResistancePerturbation,159.290702267829,34,12.590366941344007
gnk,468,n,468,PortraitDivergence,0.15334643888753371,352,0.01692701312299489
gnp,468,n,468,ResistancePerturbation,3.0371940477045736,364,0.10856801782285727
gnk,468,n,468,NetLSD,14.63919280187701,352,9.605830894305663
gnk,468,n,468,LaplacianSpectralGJS,0.050900930371645475,352,0.01029933833444521
gnk,468,n,468,LaplacianSpectralEUL,0.057090640664456,352,0.00788508887210013
gnk,468,n,468,Jaccard,0.9935539385337607,352,0.001390957720761305
gnk,468,n,468,IpsenMikhailov,0.03659683593409519,352,0.009954422342370503
gnk,468,n,468,HammingIpsenMikhailov,0.021201699221405433,352,0.0029707805264351335
gnk,468,n,468,NetSimile,6.809176199313821,352,1.521279543189912
gnk,468,n,468,Hamming,0.025395731688371462,352,0.0004415699635139903
gnk,468,n,468,Frobenius,74.49812611961318,352,0.6480434900096994
gnk,468,n,468,DistributionalNBD,1.1109258073414598,352,0.44023759683839364
gnk,468,n,468,DeltaCon,20.71624482479398,352,0.6315160096065354
gnk,468,n,468,DegreeDivergence,0.013178415767774749,352,0.0038708968861851903
gnk,468,n,468,DMeasure,0.03233351272155199,352,0.013656813309822923
gnk,468,n,468,CommunicabilityJSD,0.0005928098010211453,352,0.00046119830919973115
gnk,468,n,468,GraphDiffusion,4.483200401625172,352,2.3922420274776006
gnk,468,n,468,QuantumJSD,0.1935188612898386,352,0.003155653058412673
gnk,468,n,468,NonBacktrackingSpectral,0.23518117165325192,352,0.0659268192580657
gnk,468,n,468,PolynomialDissimilarity,0.0003401631540258047,352,2.9597123395972186e-06
gnp,576,n,576,DegreeDivergence,0.03061790395603016,364,0.00561600720402292
gnp,576,n,576,ResistancePerturbation,2.688628899152424,364,0.08816628780067884
gnp,576,n,576,QuantumJSD,0.4436598421386341,364,0.005858656233682533
gnp,576,n,576,PortraitDivergence,0.025921094969030105,364,0.004627516297773207
gnp,576,n,576,PolynomialDissimilarity,0.0007363479875226802,364,1.8437944488539138e-06
gnp,576,n,576,NonBacktrackingSpectral,0.778085476998944,364,0.2489110438893247
gnp,576,n,576,NetSimile,8.55039853470757,364,1.4242952053240805
gnp,576,n,576,NetLSD,0.13297866452010007,364,0.09787076058305907
gnp,576,n,576,LaplacianSpectralGJS,0.01278641337249646,364,0.0026652401025156237
gnp,576,n,576,LaplacianSpectralEUL,0.024452101647357248,364,0.0036968348101627654
gnp,576,n,576,IpsenMikhailov,0.027780473066567085,364,0.009322791107082541
gnp,576,n,576,HammingIpsenMikhailov,0.12769436923340038,364,0.0007529603896474821
gnp,576,n,576,Hamming,0.18004084568202783,364,0.0009009544963333927
gnp,576,n,576,GraphDiffusion,1.6744721368761006,364,0.80393257941094
gnp,576,n,576,Frobenius,244.1908186317516,364,0.6109290084181191
gnp,576,n,576,DistributionalNBD,0.19953845615108182,364,0.03547209125813853
gnp,576,n,576,DeltaCon,17.81989296858725,364,0.31109175888721463
gnp,576,n,576,Jaccard,0.9474372357477925,364,0.0012065923483548001
gnp,576,n,576,DMeasure,0.00194743127459868,364,0.0010761543809400854
gnk,576,n,576,ResistancePerturbation,192.67774218666807,21,11.851674912032589
gnk,576,n,576,NonBacktrackingSpectral,0.2350920977988359,352,0.06542273125023
gnp,576,n,576,CommunicabilityJSD,1.562673549987159e-05,364,1.4565812778932321e-05
gnk,576,n,576,QuantumJSD,0.19351492610141321,352,0.0027885488351518995
gnk,576,n,576,PortraitDivergence,0.14882990473954788,352,0.01908166378618805
gnk,576,n,576,CommunicabilityJSD,0.0005348722022849388,352,0.0004719883802931901
gnk,576,n,576,DMeasure,0.02972482755419085,352,0.01313722690673047
gnk,576,n,576,DegreeDivergence,0.010642846155121488,352,0.0035011237747571166
gnk,576,n,576,DeltaCon,23.189614096515186,352,0.6461243050412259
gnk,576,n,576,DistributionalNBD,0.9973243951602889,352,0.41209351653208137
gnk,576,n,576,Frobenius,82.71645675299878,352,0.6652496558399256
gnk,576,n,576,PolynomialDissimilarity,0.0002493265798886748,352,2.0056124445488114e-06
gnk,576,n,576,Hamming,0.02065958178856309,352,0.000332177345896988
gnk,576,n,576,GraphDiffusion,5.048592902410032,352,2.5923156865383756
gnk,576,n,576,NetLSD,16.174221401777682,352,10.824831740812737
gnk,576,n,576,LaplacianSpectralGJS,0.04496873408270439,352,0.010274105592856294
gnk,576,n,576,NetSimile,6.6396647312499875,352,1.5733290616508238
gnk,576,n,576,Jaccard,0.9945677424970649,352,0.001153262481457265
gnk,576,n,576,IpsenMikhailov,0.03273401817593771,352,0.009471891265750794
gnk,576,n,576,HammingIpsenMikhailov,0.01790142398915329,352,0.002945050004224314
gnk,576,n,576,LaplacianSpectralEUL,0.048199596401953454,352,0.007519570583439796
gnp,709,n,709,ResistancePerturbation,2.3848772993624623,312,0.06480210527187596
gnp,709,n,709,LaplacianSpectralGJS,0.00954311346790879,312,0.0020942290704780136
gnp,709,n,709,QuantumJSD,0.39704354814304504,312,0.005204150862478989
gnp,709,n,709,PortraitDivergence,0.025514064170679633,312,0.0038157129024982282
gnp,709,n,709,PolynomialDissimilarity,0.000598255006467269,312,1.1542217853522785e-06
gnp,709,n,709,NonBacktrackingSpectral,0.8931592383949564,312,0.27594170718387995
gnp,709,n,709,NetSimile,8.542718856102534,312,1.5917655907309918
gnp,709,n,709,NetLSD,0.11169580503233512,312,0.07476887061096824
gnp,709,n,709,LaplacianSpectralEUL,0.019165368021307073,312,0.002856095359381764
gnp,709,n,709,Hamming,0.18004238496484623,312,0.0006999597773575539
gnp,709,n,709,IpsenMikhailov,0.024937170931569098,312,0.008677436015256671
gnp,709,n,709,HammingIpsenMikhailov,0.12762606600617,312,0.0005846409781486733
gnp,709,n,709,GraphDiffusion,1.8042547213132882,312,0.7980085123081267
gnp,709,n,709,Frobenius,300.6258399076574,312,0.5844358608127165
gnp,709,n,709,DistributionalNBD,0.16486705671210916,312,0.029671387555801367
gnp,709,n,709,DeltaCon,19.562898568831635,312,0.3982735536268834
gnp,709,n,709,DegreeDivergence,0.027355181595441907,312,0.0045163409513578985
gnp,709,n,709,CommunicabilityJSD,9.546044914404212e-06,312,8.615950064594423e-06
gnp,709,n,709,Jaccard,0.9474864252229898,312,0.0009874887655724268
gnp,709,n,709,DMeasure,0.0013578603138652671,312,0.0006613219917165446
gnk,709,n,709,DistributionalNBD,0.889201487215153,378,0.36517384896235205
gnk,709,n,709,CommunicabilityJSD,0.000506455321513435,378,0.0004238379452689731
gnk,709,n,709,Frobenius,91.84726216679839,378,0.6572679817230478
gnk,709,n,709,GraphDiffusion,5.1737797706931365,378,2.9619175983216164
gnk,709,n,709,Hamming,0.016806416302727396,378,0.0002404363386544039
gnk,709,n,709,HammingIpsenMikhailov,0.01541647402759193,378,0.0032212519040602404
gnk,709,n,709,IpsenMikhailov,0.03052724206777906,378,0.00912937904825709
gnk,709,n,709,Jaccard,0.9957751929912553,378,0.0009165801403269849
gnk,709,n,709,LaplacianSpectralEUL,0.041360723359120215,378,0.008229661910389206
gnk,709,n,709,LaplacianSpectralGJS,0.04071991452912207,378,0.010317776093720372
gnk,709,n,709,DeltaCon,25.845437143232594,378,0.7547647749343841
gnk,709,n,709,NetSimile,6.546154142269775,378,1.468006937166352
gnk,709,n,709,NonBacktrackingSpectral,0.2519251042562077,378,0.07017357194381525
gnk,709,n,709,PolynomialDissimilarity,0.00018271216853241827,378,1.2992509268411838e-06
gnk,709,n,709,PortraitDivergence,0.15568681632245282,378,0.02469353656558313
gnk,709,n,709,QuantumJSD,0.19339348599225487,378,0.0026354558568444093
gnk,709,n,709,ResistancePerturbation,237.13593423486182,14,12.670786651119315
gnk,709,n,709,NetLSD,18.462843451626274,378,11.177429627452529
gnk,709,n,709,DMeasure,0.027709955186660744,378,0.011362231715157921
gnk,709,n,709,DegreeDivergence,0.009182451280352236,378,0.003077527274963337
gnk,872,n,872,CommunicabilityJSD,0.0004032088079467878,378,0.0003576275017726478
gnk,872,n,872,DMeasure,0.024431399704728993,378,0.011120527647533083
gnk,872,n,872,DegreeDivergence,0.007285029133376464,378,0.00242599360284995
gnk,872,n,872,DeltaCon,28.834115900031808,378,0.8072903199098639
gnk,872,n,872,DistributionalNBD,0.7880053100262505,378,0.31290526474588476
gnk,872,n,872,Frobenius,101.94889592077082,378,0.6509730016976144
gnk,872,n,872,GraphDiffusion,5.82589434045546,378,3.289025193794856
gnk,872,n,872,Hamming,0.013685103066179326,378,0.00017484834842924598
gnk,872,n,872,HammingIpsenMikhailov,0.012786296503433815,378,0.002558077503065627
gnk,872,n,872,Jaccard,0.9965786403150433,378,0.0008011076129995775
gnk,872,n,872,LaplacianSpectralEUL,0.034444966181076446,378,0.006677183995291569
gnk,872,n,872,LaplacianSpectralGJS,0.0347667495312496,378,0.00920430970251613
gnk,872,n,872,NetLSD,20.243887359545948,378,12.71963154267491
gnk,872,n,872,NetSimile,6.493251854865359,378,1.6207148819010493
gnk,872,n,872,PolynomialDissimilarity,0.00013407846300544514,378,8.562112928144045e-07
gnk,872,n,872,PortraitDivergence,0.16337836159035687,378,0.021243862733043736
gnk,872,n,872,IpsenMikhailov,0.026912381899440813,378,0.007344344002083513
gnk,872,n,872,QuantumJSD,0.1937563199233768,378,0.0021536320056466584
gnp,872,n,872,CommunicabilityJSD,6.380965394907735e-06,312,5.882193858276356e-06
gnp,872,n,872,DegreeDivergence,0.02491676199859554,312,0.004048941782860225
gnp,872,n,872,ResistancePerturbation,2.1309486054492393,312,0.05058727627146028
gnp,872,n,872,QuantumJSD,0.2813345619103847,312,0.004414703633812723
gnp,872,n,872,PortraitDivergence,0.02440779005937966,312,0.004014006765186589
gnp,872,n,872,PolynomialDissimilarity,0.0004863852613973829,312,7.975606495059469e-07
gnp,872,n,872,NonBacktrackingSpectral,1.0940351140939935,312,0.3353114779022776
gnp,872,n,872,NetSimile,8.634846540209727,312,1.6396710941218147
gnp,872,n,872,NetLSD,0.0854471664289304,312,0.059545525296876185
gnp,872,n,872,LaplacianSpectralGJS,0.0069317420137189785,312,0.0015856926965988835
gnp,872,n,872,LaplacianSpectralEUL,0.014729405015036506,312,0.00252825114190962
gnp,872,n,872,Jaccard,0.9472997573222166,312,0.0007606071847889616
gnp,872,n,872,IpsenMikhailov,0.021962418779723873,312,0.007364890939809567
gnp,872,n,872,HammingIpsenMikhailov,0.12751970901424212,312,0.00047542399714176016
gnp,872,n,872,Hamming,0.17998321013326574,312,0.0005889207740010329
gnp,872,n,872,GraphDiffusion,1.6693444952346834,312,0.8874080404715241
gnp,872,n,872,Frobenius,369.72833701081817,312,0.6049046220746508
gnp,872,n,872,DistributionalNBD,0.13475464236141788,312,0.024213787635558506
gnp,872,n,872,DeltaCon,21.46155201620478,312,0.47182173416760975
gnp,872,n,872,DMeasure,0.0009185946024972238,312,0.0004756879672019392
gnk,872,n,872,ResistancePerturbation,303.7385029635936,5,21.529192882470085
gnk,872,n,872,NonBacktrackingSpectral,0.24623016432325998,378,0.0730155694789525
gnp,1073,n,1073,PortraitDivergence,0.022679467979494248,312,0.0033730911079054475
gnp,1073,n,1073,NetLSD,0.07535015254741008,312,0.05409132226657524
gnp,1073,n,1073,LaplacianSpectralGJS,0.005317759621345045,312,0.001323979492420745
gnp,1073,n,1073,Jaccard,0.9473505845230599,312,0.0005995936040644382
gnp,1073,n,1073,PolynomialDissimilarity,0.0003952800965825505,312,5.043701130437239e-07
gnp,1073,n,1073,IpsenMikhailov,0.02023405846180987,312,0.007429439097159236
gnp,1073,n,1073,HammingIpsenMikhailov,0.12748643505508978,312,0.0003949081729057383
gnp,1073,n,1073,Hamming,0.17997137273423433,312,0.00045875446670037194
gnk,1073,n,1073,CommunicabilityJSD,0.0003950612938954248,378,0.0003525002698797365
gnp,1073,n,1073,GraphDiffusion,1.9135824277715099,312,1.5664404441604731
gnp,1073,n,1073,DistributionalNBD,0.11455660596000367,312,0.022792837781916868
gnp,1073,n,1073,DeltaCon,23.512675905840332,312,0.5603161646633786
gnp,1073,n,1073,DegreeDivergence,0.022785590822136825,312,0.003430913132907794
gnp,1073,n,1073,DMeasure,0.0007630170362917783,312,0.0003432793439602157
gnp,1073,n,1073,CommunicabilityJSD,4.2367734508358604e-06,312,3.5824392714477285e-06
gnp,1073,n,1073,QuantumJSD,0.14578368910502043,312,0.002623352596859697
gnp,1073,n,1073,ResistancePerturbation,1.9034239077745623,312,0.04075668437433244
gnp,1073,n,1073,Frobenius,454.98661100098866,312,0.5798548521506994
gnk,1073,n,1073,DMeasure,0.022647354659933082,378,0.009856343489641988
gnp,1073,n,1073,LaplacianSpectralEUL,0.01156166811791372,312,0.0021239727727999356
gnk,1073,n,1073,DeltaCon,32.012940180398196,378,0.8671444932168456
gnp,1073,n,1073,NonBacktrackingSpectral,1.390419768940066,312,0.4565674545776681
gnp,1073,n,1073,NetSimile,8.42678647692822,312,1.6395147605857479
gnk,1073,n,1073,QuantumJSD,0.19402726325882932,378,0.0019887559441741495
gnk,1073,n,1073,PortraitDivergence,0.17136907385430267,378,0.0215336032223237
gnk,1073,n,1073,DegreeDivergence,0.006075435869581727,378,0.001905415289914873
gnk,1073,n,1073,NonBacktrackingSpectral,0.2574793042139721,378,0.08215861254539095
gnk,1073,n,1073,NetSimile,6.19517143195105,378,1.4475067507682335
gnk,1073,n,1073,NetLSD,23.095270113988974,378,14.441959262421506
gnk,1073,n,1073,LaplacianSpectralGJS,0.03239096184991057,378,0.008671587757998358
gnk,1073,n,1073,PolynomialDissimilarity,9.826756812873117e-05,378,5.713862306664906e-07
gnk,1073,n,1073,Jaccard,0.9972455693142543,378,0.0005691367811937996
gnk,1073,n,1073,IpsenMikhailov,0.025219381440430275,378,0.007521828359472289
gnk,1073,n,1073,HammingIpsenMikhailov,0.011325147380282358,378,0.0028260334163025787
gnk,1073,n,1073,Hamming,0.011128248959479567,378,0.00012947043913347935
gnk,1073,n,1073,GraphDiffusion,6.752108715067716,378,3.566332693950091
gnk,1073,n,1073,LaplacianSpectralEUL,0.03019600636045515,378,0.007051579534017219
gnk,1073,n,1073,DistributionalNBD,0.7339109704634149,378,0.31779247786706305
gnk,1073,n,1073,Frobenius,113.13665880694963,378,0.6578287763954361
gnp,1321,n,1321,DegreeDivergence,0.020780386562299455,312,0.0031230428925552545
gnp,1321,n,1321,DMeasure,0.0008407282148342829,312,0.0004654363960024787
gnp,1321,n,1321,CommunicabilityJSD,2.9479105210285257e-06,312,2.5222933401411017e-06
gnp,1321,n,1321,PortraitDivergence,0.020740503688043765,312,0.003126885219125896
gnp,1321,n,1321,PolynomialDissimilarity,0.0003211195689753582,312,3.734178276729642e-07
gnp,1321,n,1321,QuantumJSD,0.06506238827152915,312,0.001320549101972931
gnp,1321,n,1321,ResistancePerturbation,1.7024926191385243,312,0.03128754825329652
gnp,1321,n,1321,DeltaCon,25.683277351422287,312,0.6047249526709165
gnp,1321,n,1321,NonBacktrackingSpectral,1.7999561552384167,312,0.6427618500528032
gnp,1321,n,1321,DistributionalNBD,0.09629766133495499,312,0.019029150323634572
gnk,1321,n,1321,DegreeDivergence,0.004975561829041132,378,0.001549368383621865
gnk,1321,n,1321,DeltaCon,35.699649668569535,378,1.0501454809920976
gnk,1321,n,1321,PolynomialDissimilarity,7.200194039548886e-05,378,3.8117032868521756e-07
gnk,1321,n,1321,NonBacktrackingSpectral,0.27227180470834805,378,0.08600486169336026
gnk,1321,n,1321,NetSimile,5.631940411173266,378,1.5588456171039196
gnk,1321,n,1321,NetLSD,24.651013164774582,378,15.10643728903009
gnk,1321,n,1321,LaplacianSpectralGJS,0.02913474466985056,378,0.008165071315749731
gnk,1321,n,1321,LaplacianSpectralEUL,0.024985840226425426,378,0.006285967727874965
gnk,1321,n,1321,Jaccard,0.9977048653614186,378,0.0005303906289221069
gnk,1321,n,1321,IpsenMikhailov,0.021517467886289676,378,0.005951355861080254
gnk,1321,n,1321,HammingIpsenMikhailov,0.009273942472424536,378,0.0022962791418448744
gnk,1321,n,1321,Hamming,0.009053722361822286,378,9.583220808412475e-05
gnk,1321,n,1321,GraphDiffusion,6.681662792142212,378,4.149215130171821
gnk,1321,n,1321,Frobenius,125.64519717309345,378,0.6651163146941056
gnk,1321,n,1321,DistributionalNBD,0.6502302203053836,378,0.273079236416856
gnk,1321,n,1321,CommunicabilityJSD,0.0003228446783414559,378,0.0002781201143150813
gnk,1321,n,1321,DMeasure,0.020049640187590416,378,0.00847005947199266
gnk,1321,n,1321,PortraitDivergence,0.16750655200294806,378,0.014399308068779322
gnp,1321,n,1321,Frobenius,560.2560733701508,312,0.6504747324058309
gnp,1321,n,1321,GraphDiffusion,1.9175367479194028,312,1.872073399624264
gnp,1321,n,1321,Hamming,0.18001014467556975,312,0.0004179788960763202
gnp,1321,n,1321,HammingIpsenMikhailov,0.12746517836838658,312,0.00035509332662373794
gnp,1321,n,1321,IpsenMikhailov,0.016131867281120874,312,0.009416613276315355
gnp,1321,n,1321,Jaccard,0.9474276480247511,312,0.0005333391209194214
gnp,1321,n,1321,LaplacianSpectralEUL,0.00906535617737822,312,0.0017908388098083726
gnp,1321,n,1321,NetSimile,8.853263152944667,312,1.7333933880747872
gnp,1321,n,1321,NetLSD,0.05938142981841167,312,0.0430179483730673
gnp,1321,n,1321,LaplacianSpectralGJS,0.003977351092048849,312,0.0010339236545600507
gnk,1321,n,1321,ResistancePerturbation,434.909609850697,1,
gnk,1321,n,1321,QuantumJSD,0.193995230702398,378,0.001815124373096452
gnp,1625,n,1625,HammingIpsenMikhailov,0.12740967208679255,274,0.0002662034671223533
gnp,1625,n,1625,CommunicabilityJSD,1.810070245083879e-06,274,1.5586006491248149e-06
gnp,1625,n,1625,DMeasure,0.00047165506257172425,274,0.0003282495410135205
gnp,1625,n,1625,DegreeDivergence,0.01900673251895719,274,0.002559539413891326
gnp,1625,n,1625,DeltaCon,28.18105651501728,274,0.7887820755683439
gnp,1625,n,1625,DistributionalNBD,0.08073430387796562,274,0.016498932743386388
gnp,1625,n,1625,Frobenius,689.1786666534936,274,0.6031601023383265
gnp,1625,n,1625,NonBacktrackingSpectral,2.413883282169481,274,0.9356600461926251
gnp,1625,n,1625,NetSimile,8.851547468918788,274,1.6664751042981556
gnp,1625,n,1625,NetLSD,0.04880416011200904,274,0.033992135992198025
gnp,1625,n,1625,LaplacianSpectralGJS,0.0029689289054446732,274,0.0007947412203762508
gnp,1625,n,1625,GraphDiffusion,4.008438621126302,274,15.030733190988965
gnp,1625,n,1625,Jaccard,0.9473549003107763,274,0.0003998561574835427
gnp,1625,n,1625,IpsenMikhailov,0.016448984955936347,274,0.0061572942676112
gnp,1625,n,1625,Hamming,0.1799801428627985,274,0.00031504159794788365
gnp,1625,n,1625,LaplacianSpectralEUL,0.007072204206771967,274,0.0014656569794442471
gnp,1625,n,1625,PortraitDivergence,0.01899075413828248,274,0.0025577963436602593
gnk,1625,n,1625,GraphDiffusion,7.035410497389376,322,4.499780922508613
gnk,1625,n,1625,Jaccard,0.998143145464069,322,0.00040067826826055614
gnk,1625,n,1625,IpsenMikhailov,0.01922044363948638,322,0.005230605699394566
gnk,1625,n,1625,HammingIpsenMikhailov,0.0078506288010242,322,0.0020242355573548755
gnk,1625,n,1625,Hamming,0.007356137602788164,322,7.349823577021983e-05
gnp,1625,n,1625,ResistancePerturbation,1.5259665983427748,274,0.025299117631060408
gnk,1625,n,1625,Frobenius,139.3282611395384,322,0.6959339219758287
gnk,1625,n,1625,DistributionalNBD,0.5902376588653562,322,0.2439558579341147
gnk,1625,n,1625,DeltaCon,39.38188297583987,322,1.0211960815476262
gnk,1625,n,1625,DegreeDivergence,0.003929936022718662,322,0.001281097409843966
gnk,1625,n,1625,DMeasure,0.017256369749873518,322,0.0074779163702933795
gnk,1625,n,1625,CommunicabilityJSD,0.0002485863497042192,322,0.00021047223987226922
gnk,1625,n,1625,NetLSD,25.66142922425832,322,17.30030959783854
gnk,1625,n,1625,NetSimile,5.342974966118024,322,1.451137277281524
gnk,1625,n,1625,NonBacktrackingSpectral,0.28606536189068005,322,0.0923025368925393
gnk,1625,n,1625,PolynomialDissimilarity,5.2763698476183395e-05,322,2.635575458723983e-07
gnp,1625,n,1625,PolynomialDissimilarity,0.0002610325537190847,274,2.287843207105502e-07
gnk,1625,n,1625,PortraitDivergence,0.16069857939091495,322,0.010254822675937489
gnk,1625,n,1625,QuantumJSD,0.19412879862856025,322,0.001733074928377591
gnk,1625,n,1625,LaplacianSpectralEUL,0.021189881155824937,322,0.005340807752548985
gnk,1625,n,1625,LaplacianSpectralGJS,0.026241040777515136,322,0.007584753988409991
gnp,2000,n,2000,NetLSD,0.038807493074925994,274,0.02692638435945603
gnp,2000,n,2000,NetSimile,8.725958700372436,274,1.7492884231237398
gnp,2000,n,2000,NonBacktrackingSpectral,2.880986535546362,274,1.1841704490015912
gnp,2000,n,2000,PolynomialDissimilarity,0.0002120972744720299,274,1.425932135686183e-07
gnp,2000,n,2000,PortraitDivergence,0.017292463248025993,274,0.00228512380282774
gnp,2000,n,2000,CommunicabilityJSD,1.1645036719148524e-06,274,1.1209028961738339e-06
gnp,2000,n,2000,LaplacianSpectralEUL,0.005421176707636763,274,0.0013139624932538843
gnp,2000,n,2000,Jaccard,0.94736711515038,274,0.000344337211897985
gnp,2000,n,2000,IpsenMikhailov,0.014197753198584386,274,0.005388291352970045
gnp,2000,n,2000,Hamming,0.1799839397310595,274,0.00024183614322276554
gnp,2000,n,2000,GraphDiffusion,14.791869547260523,274,155.59454548298095
gnp,2000,n,2000,Frobenius,848.2779423477424,274,0.5698973000576877
gnp,2000,n,2000,DistributionalNBD,0.06879453819329055,274,0.015613470898238288
gnp,2000,n,2000,DeltaCon,30.58528207013092,274,0.7763356486433447
gnp,2000,n,2000,DegreeDivergence,0.01730051239729732,274,0.0022866940720473097
gnp,2000,n,2000,DMeasure,0.0002719645419431088,274,0.00013610206052389309
gnp,2000,n,2000,LaplacianSpectralGJS,0.0021632090216536564,274,0.0006610262102484502
gnp,2000,n,2000,HammingIpsenMikhailov,0.12737976344092652,274,0.00021358444001788084
gnk,2000,n,2000,Frobenius,154.704277351556,322,0.6349327848262105
gnp,2000,n,2000,QuantumJSD,4.2559839249340976e-07,264,2.886269029498054e-07
gnk,2000,n,2000,DistributionalNBD,0.5204004394927348,322,0.20414892893220898
gnk,2000,n,2000,DeltaCon,43.83295746717994,322,1.1061423970741047
gnk,2000,n,2000,DegreeDivergence,0.0031737756106436418,322,0.001021499230456647
gnk,2000,n,2000,DMeasure,0.017182026574349883,322,0.007406979094289841
gnk,2000,n,2000,CommunicabilityJSD,0.00025388395368903545,322,0.00021641839976508886
gnk,2000,n,2000,Hamming,0.005986447045178637,322,4.914700255834534e-05
gnk,2000,n,2000,HammingIpsenMikhailov,0.007068667856063114,322,0.0021278941473404185
gnk,2000,n,2000,IpsenMikhailov,0.017813290418432225,322,0.005085953129146411
gnk,2000,n,2000,Jaccard,0.9985055017538871,322,0.00030385261512108077
gnk,2000,n,2000,LaplacianSpectralEUL,0.018983905115119666,322,0.005411446863852771
gnk,2000,n,2000,LaplacianSpectralGJS,0.02462894318300972,322,0.006648676840782365
gnk,2000,n,2000,NetLSD,31.699255170910995,322,19.83306134204708
gnk,2000,n,2000,NetSimile,5.12895225582578,322,1.5661724685495992
gnk,2000,n,2000,NonBacktrackingSpectral,0.29189922236224713,322,0.09663728249011753
gnk,2000,n,2000,PolynomialDissimilarity,3.867622783849466e-05,322,1.587334846867419e-07
gnk,2000,n,2000,PortraitDivergence,0.1555633547464537,322,0.00927601026920581
gnk,2000,n,2000,QuantumJSD,0.19441654887700388,322,0.0014729549551719357
gnk,2000,n,2000,GraphDiffusion,8.230529388158269,322,5.012618086031411
gnp,2000,n,2000,ResistancePerturbation,1.368718200821508,274,0.021475380632266398
